source,dest
https://experienceleague.adobe.com/docs/platform-learn/tutorials/journey-orchestration/introduction.html,https://experienceleague.adobe.com/docs/journey-orchestration-learn/tutorials/understanding-journey-orchestration.html
https://experienceleague.adobe.com/docs/platform-learn/tutorials/journey-orchestration/configure-streaming-events.html,https://experienceleague.adobe.com/docs/journey-orchestration-learn/tutorials/configure-streaming-events.html
https://experienceleague.adobe.com/docs/platform-learn/tutorials/journey-orchestration/configure-data-sources.html,https://experienceleague.adobe.com/docs/journey-orchestration-learn/tutorials/configure-data-sources.html
https://experienceleague.adobe.com/docs/platform-learn/tutorials/journey-orchestration/configure-actions.html,https://experienceleague.adobe.com/docs/journey-orchestration-learn/tutorials/configure-actions.html
https://experienceleague.adobe.com/docs/platform-learn/tutorials/journey-orchestration/create-a-journey.html,https://experienceleague.adobe.com/docs/journey-orchestration-learn/tutorials/create-a-journey.html
https://experienceleague.adobe.com/docs/platform-learn/tutorials/journey-orchestration/validate-and-publish-a-journey.html,https://experienceleague.adobe.com/docs/journey-orchestration-learn/tutorials/validate-and-publish-a-journey.html
https://experienceleague.adobe.com/docs/platform-learn/tutorials/journey-orchestration/reporting.html,https://experienceleague.adobe.com/docs/journey-orchestration-learn/tutorials/analyze-a-journey-via-reporting-tools.html
https://experienceleague.adobe.com/docs/platform-learn/tutorials/journey-orchestration/how-to-find-help-with-journey-orchestration.html,https://experienceleague.adobe.com/docs/journey-orchestration-learn/tutorials/how-to-find-help-with-journey-orchestration.html
https://experienceleague.adobe.com/docs/platform-learn/tutorials/segments/create-segments-across-classes-and-include-segment-context.html,https://experienceleague.adobe.com/docs/platform-learn/tutorials/segments/create-multi-entity-segments.html
https://experienceleague.adobe.com/docs/platform-learn/tutorials/data-ingestion/web-sdk/introduction-to-web-sdk-and-edge-network.html,https://experienceleague.adobe.com/docs/platform-learn/data-collection/web-sdk/overview.html
https://experienceleague.adobe.com/docs/platform-learn/tutorials/data-ingestion/web-sdk/demo-of-web-sdk-and-edge-network.html,https://experienceleague.adobe.com/docs/platform-learn/data-collection/web-sdk/demo.html
https://experienceleague.adobe.com/docs/platform-learn/tutorials/data-ingestion/web-sdk/create-a-schema-dataset-and-streaming-source-connector-for-web-sdk-data.html,https://experienceleague.adobe.com/docs/platform-learn/data-collection/web-sdk/overview.html
https://experienceleague.adobe.com/docs/platform-learn/tutorials/data-ingestion/web-sdk/introduction-to-the-experience-platform-debugger.html,https://experienceleague.adobe.com/docs/platform-learn/data-collection/debugger/overview.html
https://experienceleague.adobe.com/docs/platform-learn/tutorials/data-ingestion/understanding-source-connectors.html,https://experienceleague.adobe.com/docs/platform-learn/tutorials/sources/overview.html
https://experienceleague.adobe.com/docs/platform-learn/tutorials/data-ingestion/ingest-data-from-adobe-analytics.html,https://experienceleague.adobe.com/docs/platform-learn/tutorials/sources/ingest-data-from-adobe-analytics.html
https://experienceleague.adobe.com/docs/platform-learn/tutorials/data-ingestion/ingest-data-from-amazon-s3.html,https://experienceleague.adobe.com/docs/platform-learn/tutorials/sources/ingest-data-from-cloud-storage.html
https://experienceleague.adobe.com/docs/platform-learn/tutorials/data-ingestion/ingest-data-from-salesforce-crm.html,https://experienceleague.adobe.com/docs/platform-learn/tutorials/sources/ingest-data-from-crm.html
https://experienceleague.adobe.com/docs/platform-learn/tutorials/apis/postman.html,https://experienceleague.adobe.com/docs/platform-learn/tutorials/platform-api-authentication.html
https://experienceleague.adobe.com/docs/platform-learn/tutorials/data-science-workspace/build-and-deploy-a-model.html,https://experienceleague.adobe.com/docs/platform-learn/tutorials/data-science-workspace/read-and-write-datasets-in-jupyterlab-notebooks.html
https://experienceleague.adobe.com/docs/platform-learn/tutorials/rtcdp/understanding-destinations.html,https://experienceleague.adobe.com/docs/platform-learn/tutorials/destinations/understanding-destinations.html
https://experienceleague.adobe.com/docs/platform-learn/tutorials/rtcdp/create-destinations-and-activate-data.html,https://experienceleague.adobe.com/docs/platform-learn/tutorials/destinations/create-destinations-and-activate-data.html
https://experienceleague.adobe.com/docs/platform-learn/tutorials/rtcdp/integrate-with-google-customer-match.html,https://experienceleague.adobe.com/docs/platform-learn/tutorials/destinations/integrate-with-google-customer-match.html
https://experienceleague.adobe.com/docs/platform-learn/tutorials/schemas/create-your-first-schema-with-out-of-the-box-components.html,https://experienceleague.adobe.com/docs/platform-learn/tutorials/schemas/create-a-schema.html
https://experienceleague.adobe.com/docs/platform-learn/tutorials/data-governance/enforce-data-usage-policies-in-real-time-cdp.html,https://experienceleague.adobe.com/docs/platform-learn/tutorials/data-governance/enforce-data-usage-policies.html
https://experienceleague.adobe.com/docs/platform-learn/tutorials/schemas/create-your-own-mixins-and-classes.html,https://experienceleague.adobe.com/docs/platform-learn/tutorials/schemas/create-schema-field-groups.html
https://experienceleague.adobe.com/docs/platform-learn/tutorials/schemas/understanding-the-xdm-system-and-experience-data-model.html,https://experienceleague.adobe.com/docs/platform-learn/tutorials/schemas/schemas-and-experience-data-model.html
https://experienceleague.adobe.com/docs/platform-learn/tutorials/schemas/create-a-schema.html,https://experienceleague.adobe.com/docs/platform-learn/tutorials/schemas/create-schemas.html
https://experienceleague.adobe.com/docs/platform-learn/tutorials/sandboxes/use-sandboxes.html,https://experienceleague.adobe.com/docs/platform-learn/tutorials/admin/use-sandboxes.html
https://experienceleague.adobe.com/docs/launch-learn/tutorials/overview.html,https://experienceleague.adobe.com/docs/platform-learn/data-collection/overview.html
https://experienceleague.adobe.com/docs/launch-learn/tutorials/fundamentals/launch-overview-and-creating-properties.html,https://experienceleague.adobe.com/docs/platform-learn/data-collection/tags/create-a-property.html
https://experienceleague.adobe.com/docs/launch-learn/tutorials/fundamentals/choosing-a-hosting-option-in-launch.html,https://experienceleague.adobe.com/docs/platform-learn/data-collection/tags/choose-a-hosting-option.html
https://experienceleague.adobe.com/docs/launch-learn/tutorials/fundamentals/using-environments-in-launch.html,https://experienceleague.adobe.com/docs/platform-learn/data-collection/tags/use-environments.html
https://experienceleague.adobe.com/docs/launch-learn/tutorials/fundamentals/adding-and-configuring-launch-extensions.html,https://experienceleague.adobe.com/docs/platform-learn/data-collection/tags/add-and-configure-extensions.html
https://experienceleague.adobe.com/docs/launch-learn/tutorials/fundamentals/creating-data-elements-in-launch.html,https://experienceleague.adobe.com/docs/platform-learn/data-collection/tags/create-data-elements.html
https://experienceleague.adobe.com/docs/launch-learn/tutorials/fundamentals/building-rules-in-launch.html,https://experienceleague.adobe.com/docs/platform-learn/data-collection/tags/build-rules.html
https://experienceleague.adobe.com/docs/launch-learn/tutorials/fundamentals/building-and-publishing-a-library-in-launch.html,https://experienceleague.adobe.com/docs/platform-learn/data-collection/tags/build-and-publish-a-library.html
https://experienceleague.adobe.com/docs/launch-learn/tutorials/fundamentals/launch-users-and-permissions.html,https://experienceleague.adobe.com/docs/platform-learn/data-collection/tags/users-and-permissions.html
https://experienceleague.adobe.com/docs/launch-learn/tutorials/fundamentals/migrate-from-dynamic-tag-manager-to-launch.html,https://experienceleague.adobe.com/docs/platform-learn/data-collection/tags/create-a-property.html
https://experienceleague.adobe.com/docs/launch-learn/tutorials/mobile/understanding-the-mobile-sdks.html,https://experienceleague.adobe.com/docs/platform-learn/data-collection/mobile-sdk/overview.html
https://experienceleague.adobe.com/docs/launch-learn/tutorials/mobile/create-mobile-properties-in-launch.html,https://experienceleague.adobe.com/docs/platform-learn/data-collection/mobile-sdk/create-mobile-properties.html
https://experienceleague.adobe.com/docs/launch-learn/tutorials/mobile/use-dependency-managers-with-mobile-sdk.html,https://experienceleague.adobe.com/docs/platform-learn/data-collection/mobile-sdk/use-dependency-managers.html
https://experienceleague.adobe.com/docs/launch-learn/tutorials/server-side/overview.html,https://experienceleague.adobe.com/docs/platform-learn/data-collection/event-forwarding/overview.html
https://experienceleague.adobe.com/docs/launch-learn/tutorials/server-side/create-a-property.html,https://experienceleague.adobe.com/docs/platform-learn/data-collection/event-forwarding/create-a-property.html
https://experienceleague.adobe.com/docs/launch-learn/tutorials/server-side/set-up-edge-configuration.html,https://experienceleague.adobe.com/docs/platform-learn/data-collection/event-forwarding/set-up-a-datastream.html
https://experienceleague.adobe.com/docs/launch-learn/tutorials/server-side/add-an-extension.html,https://experienceleague.adobe.com/docs/platform-learn/data-collection/event-forwarding/add-an-extension.html
https://experienceleague.adobe.com/docs/launch-learn/tutorials/server-side/create-a-rule.html,https://experienceleague.adobe.com/docs/platform-learn/data-collection/event-forwarding/create-a-rule.html
https://experienceleague.adobe.com/docs/mobile-sdk-learn/tutorials/overview.html,https://experienceleague.adobe.com/docs/platform-learn/data-collection/overview.html
https://experienceleague.adobe.com/docs/mobile-sdk-learn/tutorials/fundamentals/understanding-the-mobile-sdks.html,https://experienceleague.adobe.com/docs/platform-learn/data-collection/mobile-sdk/overview.html
https://experienceleague.adobe.com/docs/mobile-sdk-learn/tutorials/fundamentals/create-mobile-properties-in-launch.html,https://experienceleague.adobe.com/docs/platform-learn/data-collection/mobile-sdk/create-mobile-properties.html
https://experienceleague.adobe.com/docs/mobile-sdk-learn/tutorials/fundamentals/use-dependency-managers-with-mobile-sdk.html,https://experienceleague.adobe.com/docs/platform-learn/data-collection/mobile-sdk/use-dependency-managers.html
https://experienceleague.adobe.com/docs/web-sdk-learn/tutorials/overview.html,https://experienceleague.adobe.com/docs/platform-learn/data-collection/overview.html
https://experienceleague.adobe.com/docs/web-sdk-learn/tutorials/introduction-to-web-sdk-and-edge-network.html,https://experienceleague.adobe.com/docs/platform-learn/data-collection/web-sdk/overview.html
https://experienceleague.adobe.com/docs/web-sdk-learn/tutorials/demo-of-web-sdk-and-edge-network.html,https://experienceleague.adobe.com/docs/platform-learn/data-collection/web-sdk/demo.html
https://experienceleague.adobe.com/docs/web-sdk-learn/tutorials/create-a-schema-dataset-and-streaming-source-connector-for-web-sdk-data.html,https://experienceleague.adobe.com/docs/platform-learn/data-collection/web-sdk/overview.html
https://experienceleague.adobe.com/docs/web-sdk-learn/tutorials/consent/intro.html,https://experienceleague.adobe.com/docs/platform-learn/data-collection/web-sdk/consent/overview.html
https://experienceleague.adobe.com/docs/web-sdk-learn/tutorials/consent/set-consent-adobe.html,https://experienceleague.adobe.com/docs/platform-learn/data-collection/web-sdk/consent/set-consent-adobe.html
https://experienceleague.adobe.com/docs/web-sdk-learn/tutorials/consent/set-consent-iab.html,https://experienceleague.adobe.com/docs/platform-learn/data-collection/web-sdk/consent/set-consent-iab.html
https://experienceleague.adobe.com/docs/web-sdk-learn/tutorials/consent/inspect.html,https://experienceleague.adobe.com/docs/platform-learn/data-collection/web-sdk/consent/inspect.html
https://experienceleague.adobe.com/docs/web-sdk-learn/tutorials/consent/tutorial.html,https://experienceleague.adobe.com/docs/platform-learn/data-collection/web-sdk/consent/tutorial.html
https://experienceleague.adobe.com/docs/debugger-learn/tutorials/overview.html,https://experienceleague.adobe.com/docs/platform-learn/data-collection/overview.html
https://experienceleague.adobe.com/docs/debugger-learn/tutorials/experience-platform-debugger/introduction-to-the-experience-platform-debugger.html,https://experienceleague.adobe.com/docs/platform-learn/data-collection/debugger/overview.html
https://experienceleague.adobe.com/docs/debugger-learn/tutorials/experience-cloud-debugger/add-the-extension.html,https://experienceleague.adobe.com/docs/platform-learn/data-collection/debugger/experience-cloud/add-the-extension.html
https://experienceleague.adobe.com/docs/debugger-learn/tutorials/experience-cloud-debugger/use-the-experience-cloud-debugger.html,https://experienceleague.adobe.com/docs/platform-learn/data-collection/debugger/experience-cloud/use-the-experience-cloud-debugger.html
https://experienceleague.adobe.com/docs/launch-learn/implementing-in-websites-with-launch/index.html,https://experienceleague.adobe.com/docs/platform-learn/implement-in-websites/overview.html
https://experienceleague.adobe.com/docs/launch-learn/implementing-in-websites-with-launch/configure-launch/launch.html,https://experienceleague.adobe.com/docs/platform-learn/implement-in-websites/configure-tags/create-a-property.html
https://experienceleague.adobe.com/docs/launch-learn/implementing-in-websites-with-launch/configure-launch/launch-add-embed.html,https://experienceleague.adobe.com/docs/platform-learn/implement-in-websites/configure-tags/add-embed-code.html
https://experienceleague.adobe.com/docs/launch-learn/implementing-in-websites-with-launch/configure-launch/launch-data-elements-rules.html,https://experienceleague.adobe.com/docs/platform-learn/implement-in-websites/configure-tags/add-data-elements-rules.html
https://experienceleague.adobe.com/docs/launch-learn/implementing-in-websites-with-launch/configure-launch/launch-switch-environments.html,https://experienceleague.adobe.com/docs/platform-learn/implement-in-websites/configure-tags/switch-environments.html
https://experienceleague.adobe.com/docs/launch-learn/implementing-in-websites-with-launch/implement-solutions/id-service.html,https://experienceleague.adobe.com/docs/platform-learn/implement-in-websites/implement-solutions/id-service.html
https://experienceleague.adobe.com/docs/launch-learn/implementing-in-websites-with-launch/implement-solutions/target.html,https://experienceleague.adobe.com/docs/platform-learn/implement-in-websites/implement-solutions/target.html
https://experienceleague.adobe.com/docs/launch-learn/implementing-in-websites-with-launch/implement-solutions/analytics.html,https://experienceleague.adobe.com/docs/platform-learn/implement-in-websites/implement-solutions/analytics.html
https://experienceleague.adobe.com/docs/launch-learn/implementing-in-websites-with-launch/implement-solutions/audience-manager.html,https://experienceleague.adobe.com/docs/platform-learn/implement-in-websites/implement-solutions/audience-manager.html
https://experienceleague.adobe.com/docs/launch-learn/implementing-in-websites-with-launch/implement-solutions/integrations.html,https://experienceleague.adobe.com/docs/platform-learn/implement-in-websites/implement-solutions/integrations.html
https://experienceleague.adobe.com/docs/launch-learn/implementing-in-websites-with-launch/publishing/publish.html,https://experienceleague.adobe.com/docs/platform-learn/implement-in-websites/publish/publish.html
https://experienceleague.adobe.com/docs/launch-learn/implementing-in-mobile-ios-swift-apps-with-launch/index.html,https://experienceleague.adobe.com/docs/platform-learn/implement-in-mobile-ios-swift-apps/overview.html
https://experienceleague.adobe.com/docs/launch-learn/implementing-in-mobile-ios-swift-apps-with-launch/configure-launch/launch-create-a-property.html,https://experienceleague.adobe.com/docs/platform-learn/implement-in-mobile-ios-swift-apps/configure-tags/create-a-property.html
https://experienceleague.adobe.com/docs/launch-learn/implementing-in-mobile-ios-swift-apps-with-launch/configure-launch/launch-add-extensions.html,https://experienceleague.adobe.com/docs/platform-learn/implement-in-mobile-ios-swift-apps/configure-tags/add-extensions.html
https://experienceleague.adobe.com/docs/launch-learn/implementing-in-mobile-ios-swift-apps-with-launch/configure-launch/launch-create-a-library.html,https://experienceleague.adobe.com/docs/platform-learn/implement-in-mobile-ios-swift-apps/configure-tags/create-a-library.html
https://experienceleague.adobe.com/docs/launch-learn/implementing-in-mobile-ios-swift-apps-with-launch/configure-launch/launch-install-the-mobile-sdk.html,https://experienceleague.adobe.com/docs/platform-learn/implement-in-mobile-ios-swift-apps/configure-tags/install-the-mobile-sdk.html
https://experienceleague.adobe.com/docs/launch-learn/implementing-in-mobile-ios-swift-apps-with-launch/implement-solutions/id-service.html,https://experienceleague.adobe.com/docs/platform-learn/implement-in-mobile-ios-swift-apps/implement-solutions/id-service.html
https://experienceleague.adobe.com/docs/launch-learn/implementing-in-mobile-ios-swift-apps-with-launch/implement-solutions/target.html,https://experienceleague.adobe.com/docs/platform-learn/implement-in-mobile-ios-swift-apps/implement-solutions/target.html
https://experienceleague.adobe.com/docs/launch-learn/implementing-in-mobile-ios-swift-apps-with-launch/implement-solutions/analytics.html,https://experienceleague.adobe.com/docs/platform-learn/implement-in-mobile-ios-swift-apps/implement-solutions/analytics.html
https://experienceleague.adobe.com/docs/launch-learn/implementing-in-mobile-ios-swift-apps-with-launch/implement-solutions/audience-manager.html,https://experienceleague.adobe.com/docs/platform-learn/implement-in-mobile-ios-swift-apps/implement-solutions/audience-manager.html
https://experienceleague.adobe.com/docs/launch-learn/implementing-in-mobile-ios-swift-apps-with-launch/publishing/publish.html,https://experienceleague.adobe.com/docs/platform-learn/implement-in-mobile-ios-swift-apps/publish/publish.html
https://experienceleague.adobe.com/docs/launch-learn/implementing-in-mobile-ios-objective-c-apps-with-launch/index.html,https://experienceleague.adobe.com/docs/platform-learn/implement-in-mobile-ios-objective-c-apps/overview.html
https://experienceleague.adobe.com/docs/launch-learn/implementing-in-mobile-ios-objective-c-apps-with-launch/configure-launch/launch-create-a-property.html,https://experienceleague.adobe.com/docs/platform-learn/implement-in-mobile-ios-objective-c-apps/configure-tags/create-a-property.html
https://experienceleague.adobe.com/docs/launch-learn/implementing-in-mobile-ios-objective-c-apps-with-launch/configure-launch/launch-add-extensions.html,https://experienceleague.adobe.com/docs/platform-learn/implement-in-mobile-ios-objective-c-apps/configure-tags/add-extensions.html
https://experienceleague.adobe.com/docs/launch-learn/implementing-in-mobile-ios-objective-c-apps-with-launch/configure-launch/launch-create-a-library.html,https://experienceleague.adobe.com/docs/platform-learn/implement-in-mobile-ios-objective-c-apps/configure-tags/create-a-library.html
https://experienceleague.adobe.com/docs/launch-learn/implementing-in-mobile-ios-objective-c-apps-with-launch/configure-launch/launch-install-the-mobile-sdk.html,https://experienceleague.adobe.com/docs/platform-learn/implement-in-mobile-ios-objective-c-apps/configure-tags/install-the-mobile-sdk.html
https://experienceleague.adobe.com/docs/launch-learn/implementing-in-mobile-ios-objective-c-apps-with-launch/implement-solutions/id-service.html,https://experienceleague.adobe.com/docs/platform-learn/implement-in-mobile-ios-objective-c-apps/implement-solutions/id-service.html
https://experienceleague.adobe.com/docs/launch-learn/implementing-in-mobile-ios-objective-c-apps-with-launch/implement-solutions/target.html,https://experienceleague.adobe.com/docs/platform-learn/implement-in-mobile-ios-objective-c-apps/implement-solutions/target.html
https://experienceleague.adobe.com/docs/launch-learn/implementing-in-mobile-ios-objective-c-apps-with-launch/implement-solutions/analytics.html,https://experienceleague.adobe.com/docs/platform-learn/implement-in-mobile-ios-objective-c-apps/implement-solutions/analytics.html
https://experienceleague.adobe.com/docs/launch-learn/implementing-in-mobile-ios-objective-c-apps-with-launch/implement-solutions/audience-manager.html,https://experienceleague.adobe.com/docs/platform-learn/implement-in-mobile-ios-objective-c-apps/implement-solutions/audience-manager.html
https://experienceleague.adobe.com/docs/launch-learn/implementing-in-mobile-ios-objective-c-apps-with-launch/publishing/publish.html,https://experienceleague.adobe.com/docs/platform-learn/implement-in-mobile-ios-objective-c-apps/publish/publish.html
https://experienceleague.adobe.com/docs/launch-learn/implementing-in-mobile-android-apps-with-launch/index.html,https://experienceleague.adobe.com/docs/platform-learn/implement-in-mobile-android-apps/overview.html
https://experienceleague.adobe.com/docs/launch-learn/implementing-in-mobile-android-apps-with-launch/configure-launch/launch-create-a-property.html,https://experienceleague.adobe.com/docs/platform-learn/implement-in-mobile-android-apps/configure-tags/create-a-property.html
https://experienceleague.adobe.com/docs/launch-learn/implementing-in-mobile-android-apps-with-launch/configure-launch/launch-add-extensions.html,https://experienceleague.adobe.com/docs/platform-learn/implement-in-mobile-android-apps/configure-tags/add-extensions.html
https://experienceleague.adobe.com/docs/launch-learn/implementing-in-mobile-android-apps-with-launch/configure-launch/launch-create-a-library.html,https://experienceleague.adobe.com/docs/platform-learn/implement-in-mobile-android-apps/configure-tags/create-a-library.html
https://experienceleague.adobe.com/docs/launch-learn/implementing-in-mobile-android-apps-with-launch/configure-launch/launch-install-the-mobile-sdk.html,https://experienceleague.adobe.com/docs/platform-learn/implement-in-mobile-android-apps/configure-tags/install-the-mobile-sdk.html
https://experienceleague.adobe.com/docs/launch-learn/implementing-in-mobile-android-apps-with-launch/implement-solutions/id-service.html,https://experienceleague.adobe.com/docs/platform-learn/implement-in-mobile-android-apps/implement-solutions/id-service.html
https://experienceleague.adobe.com/docs/launch-learn/implementing-in-mobile-android-apps-with-launch/implement-solutions/target.html,https://experienceleague.adobe.com/docs/platform-learn/implement-in-mobile-android-apps/implement-solutions/target.html
https://experienceleague.adobe.com/docs/launch-learn/implementing-in-mobile-android-apps-with-launch/implement-solutions/analytics.html,https://experienceleague.adobe.com/docs/platform-learn/implement-in-mobile-android-apps/implement-solutions/analytics.html
https://experienceleague.adobe.com/docs/launch-learn/implementing-in-mobile-android-apps-with-launch/implement-solutions/audience-manager.html,https://experienceleague.adobe.com/docs/platform-learn/implement-in-mobile-android-apps/implement-solutions/audience-manager.html
https://experienceleague.adobe.com/docs/launch-learn/implementing-in-mobile-android-apps-with-launch/publishing/publish.html,https://experienceleague.adobe.com/docs/platform-learn/implement-in-mobile-android-apps/publish/publish.html
https://experienceleague.adobe.com/docs/core-services-learn/tutorials/launch-mobile/understanding-the-mobile-sdks.html,https://experienceleague.adobe.com/docs/platform-learn/data-collection/mobile-sdk/overview.html
https://experienceleague.adobe.com/docs/core-services-learn/tutorials/launch-mobile/create-mobile-properties-in-launch.html,https://experienceleague.adobe.com/docs/platform-learn/data-collection/mobile-sdk/create-mobile-properties.html
https://experienceleague.adobe.com/docs/core-services-learn/tutorials/launch-mobile/use-dependency-managers-with-mobile-sdk.html,https://experienceleague.adobe.com/docs/platform-learn/data-collection/mobile-sdk/use-dependency-managers.html
https://experienceleague.adobe.com/docs/core-services-learn/tutorials/overview.html,https://experienceleague.adobe.com/docs/platform-learn/data-collection/overview.html
https://experienceleague.adobe.com/docs/core-services-learn/tutorials/launch-web/migrate-from-dynamic-tag-manager-to-launch.html,https://experienceleague.adobe.com/docs/platform-learn/data-collection/tags/create-a-property.html
https://experienceleague.adobe.com/docs/core-services-learn/tutorials/launch-web/launch-overview-and-creating-properties.html,https://experienceleague.adobe.com/docs/platform-learn/data-collection/tags/create-a-property.html
https://experienceleague.adobe.com/docs/core-services-learn/tutorials/launch-web/choosing-a-hosting-option-in-launch.html,https://experienceleague.adobe.com/docs/platform-learn/data-collection/tags/choose-a-hosting-option.html
https://experienceleague.adobe.com/docs/core-services-learn/tutorials/launch-web/using-environments-in-launch.html,https://experienceleague.adobe.com/docs/platform-learn/data-collection/tags/use-environments.html
https://experienceleague.adobe.com/docs/core-services-learn/tutorials/launch-web/adding-and-configuring-launch-extensions.html,https://experienceleague.adobe.com/docs/platform-learn/data-collection/tags/add-and-configure-extensions.html
https://experienceleague.adobe.com/docs/core-services-learn/tutorials/launch-web/creating-data-elements-in-launch.html,https://experienceleague.adobe.com/docs/platform-learn/data-collection/tags/create-data-elements.html
https://experienceleague.adobe.com/docs/core-services-learn/tutorials/launch-web/building-rules-in-launch.html,https://experienceleague.adobe.com/docs/platform-learn/data-collection/tags/build-rules.html
https://experienceleague.adobe.com/docs/core-services-learn/tutorials/launch-web/building-and-publishing-a-library-in-launch.html,https://experienceleague.adobe.com/docs/platform-learn/data-collection/tags/build-and-publish-a-library.html
https://experienceleague.adobe.com/docs/core-services-learn/tutorials/launch-web/launch-users-and-permissions.html,https://experienceleague.adobe.com/docs/platform-learn/data-collection/tags/users-and-permissions.html
https://experienceleague.adobe.com/docs/core-services-learn/implementing-in-mobile-ios-objective-c-apps-with-launch/implement-solutions/target-vec.html,https://experienceleague.adobe.com/docs/platform-learn/implement-in-mobile-ios-objective-c-apps/implement-solutions/target.html
https://experienceleague.adobe.com/docs/core-services-learn/implementing-in-mobile-ios-swift-apps-with-launch/implement-solutions/target-vec.html,https://experienceleague.adobe.com/docs/platform-learn/implement-in-mobile-ios-swift-apps/implement-solutions/target.html
https://experienceleague.adobe.com/docs/core-services-learn/implementing-in-mobile-android-apps-with-launch/implement-solutions/target-vec.html,https://experienceleague.adobe.com/docs/platform-learn/implement-in-mobile-android-apps/implement-solutions/target.html
https://experienceleague.adobe.com/docs/launch-learn/tutorials/consent/intro.html,https://experienceleague.adobe.com/docs/platform-learn/data-collection/web-sdk/consent/overview.html
https://experienceleague.adobe.com/docs/launch-learn/tutorials/consent/set-consent-adobe.html,https://experienceleague.adobe.com/docs/platform-learn/data-collection/web-sdk/consent/set-consent-adobe.html
https://experienceleague.adobe.com/docs/launch-learn/tutorials/consent/set-consent-iab.html,https://experienceleague.adobe.com/docs/platform-learn/data-collection/web-sdk/consent/set-consent-iab.html
https://experienceleague.adobe.com/docs/launch-learn/tutorials/consent/inspect.html,https://experienceleague.adobe.com/docs/platform-learn/data-collection/web-sdk/consent/inspect.html
https://experienceleague.adobe.com/docs/launch-learn/tutorials/consent/tutorial.html,https://experienceleague.adobe.com/docs/platform-learn/data-collection/web-sdk/consent/tutorial.html
https://experienceleague.adobe.com/docs/platform-learn/data-collection-tutorials/web-sdk/overview.html,https://experienceleague.adobe.com/docs/platform-learn/data-collection/web-sdk/overview.html
https://experienceleague.adobe.com/docs/platform-learn/implement-experience-cloud-in-mobile-apps/overview.html,https://experienceleague.adobe.com/docs/platform-learn/implement-mobile-sdk/overview.html
https://experienceleague.adobe.com/docs/platform-learn/implement-in-mobile-ios-swift-apps/overview.html,https://experienceleague.adobe.com/docs/platform-learn/implement-mobile-sdk/overview.html
https://experienceleague.adobe.com/docs/platform-learn/implement-in-mobile-ios-swift-apps/configure-tags/create-a-property.html,https://experienceleague.adobe.com/docs/platform-learn/implement-mobile-sdk/initial-configuration/configure-tags.html
https://experienceleague.adobe.com/docs/platform-learn/implement-in-mobile-ios-swift-apps/configure-tags/add-extensions.html,https://experienceleague.adobe.com/docs/platform-learn/implement-mobile-sdk/initial-configuration/configure-tags.html
https://experienceleague.adobe.com/docs/platform-learn/implement-in-mobile-ios-swift-apps/configure-tags/create-a-library.html,https://experienceleague.adobe.com/docs/platform-learn/implement-mobile-sdk/initial-configuration/configure-tags.html
https://experienceleague.adobe.com/docs/platform-learn/implement-in-mobile-ios-swift-apps/configure-tags/install-the-mobile-sdk.html,https://experienceleague.adobe.com/docs/platform-learn/implement-mobile-sdk/app-implementation/install-sdks.html
https://experienceleague.adobe.com/docs/platform-learn/implement-in-mobile-ios-swift-apps/implement-solutions/id-service.html,https://experienceleague.adobe.com/docs/platform-learn/implement-mobile-sdk/app-implementation/identity.html
https://experienceleague.adobe.com/docs/platform-learn/implement-in-mobile-ios-swift-apps/implement-solutions/target.html,https://experienceleague.adobe.com/docs/platform-learn/implement-mobile-sdk/overview.html
https://experienceleague.adobe.com/docs/platform-learn/implement-in-mobile-ios-swift-apps/implement-solutions/analytics.html,https://experienceleague.adobe.com/docs/platform-learn/implement-mobile-sdk/experience-cloud/analytics.html
https://experienceleague.adobe.com/docs/platform-learn/implement-in-mobile-ios-swift-apps/implement-solutions/audience-manager.html,https://experienceleague.adobe.com/docs/platform-learn/implement-mobile-sdk/overview.html
https://experienceleague.adobe.com/docs/platform-learn/implement-in-mobile-ios-swift-apps/publish/publish.html,https://experienceleague.adobe.com/docs/platform-learn/implement-mobile-sdk/overview.html
https://experienceleague.adobe.com/docs/platform-learn/implement-in-mobile-ios-objective-c-apps/overview.html,https://experienceleague.adobe.com/docs/platform-learn/implement-mobile-sdk/overview.html
https://experienceleague.adobe.com/docs/platform-learn/implement-in-mobile-ios-objective-c-apps/configure-tags/create-a-property.html,https://experienceleague.adobe.com/docs/platform-learn/implement-mobile-sdk/initial-configuration/configure-tags.html
https://experienceleague.adobe.com/docs/platform-learn/implement-in-mobile-ios-objective-c-apps/configure-tags/add-extensions.html,https://experienceleague.adobe.com/docs/platform-learn/implement-mobile-sdk/initial-configuration/configure-tags.html
https://experienceleague.adobe.com/docs/platform-learn/implement-in-mobile-ios-objective-c-apps/configure-tags/create-a-library.html,https://experienceleague.adobe.com/docs/platform-learn/implement-mobile-sdk/initial-configuration/configure-tags.html
https://experienceleague.adobe.com/docs/platform-learn/implement-in-mobile-ios-objective-c-apps/configure-tags/install-the-mobile-sdk.html,https://experienceleague.adobe.com/docs/platform-learn/implement-mobile-sdk/app-implementation/install-sdks.html
https://experienceleague.adobe.com/docs/platform-learn/implement-in-mobile-ios-objective-c-apps/implement-solutions/id-service.html,https://experienceleague.adobe.com/docs/platform-learn/implement-mobile-sdk/app-implementation/identity.html
https://experienceleague.adobe.com/docs/platform-learn/implement-in-mobile-ios-objective-c-apps/implement-solutions/target.html,https://experienceleague.adobe.com/docs/platform-learn/implement-mobile-sdk/overview.html
https://experienceleague.adobe.com/docs/platform-learn/implement-in-mobile-ios-objective-c-apps/implement-solutions/analytics.html,https://experienceleague.adobe.com/docs/platform-learn/implement-mobile-sdk/experience-cloud/analytics.html
https://experienceleague.adobe.com/docs/platform-learn/implement-in-mobile-ios-objective-c-apps/implement-solutions/audience-manager.html,https://experienceleague.adobe.com/docs/platform-learn/implement-mobile-sdk/overview.html
https://experienceleague.adobe.com/docs/platform-learn/implement-in-mobile-ios-objective-c-apps/publish/publish.html,https://experienceleague.adobe.com/docs/platform-learn/implement-mobile-sdk/overview.html
https://experienceleague.adobe.com/docs/platform-learn/implement-in-mobile-android-apps/overview.html,https://experienceleague.adobe.com/docs/platform-learn/implement-mobile-sdk/overview.html
https://experienceleague.adobe.com/docs/platform-learn/implement-in-mobile-android-apps/configure-tags/create-a-property.html,https://experienceleague.adobe.com/docs/platform-learn/implement-mobile-sdk/initial-configuration/configure-tags.html
https://experienceleague.adobe.com/docs/platform-learn/implement-in-mobile-android-apps/configure-tags/add-extensions.html,https://experienceleague.adobe.com/docs/platform-learn/implement-mobile-sdk/initial-configuration/configure-tags.html
https://experienceleague.adobe.com/docs/platform-learn/implement-in-mobile-android-apps/configure-tags/create-a-library.html,https://experienceleague.adobe.com/docs/platform-learn/implement-mobile-sdk/initial-configuration/configure-tags.html
https://experienceleague.adobe.com/docs/platform-learn/implement-in-mobile-android-apps/configure-tags/install-the-mobile-sdk.html,https://experienceleague.adobe.com/docs/platform-learn/implement-mobile-sdk/app-implementation/install-sdks.html
https://experienceleague.adobe.com/docs/platform-learn/implement-in-mobile-android-apps/implement-solutions/id-service.html,https://experienceleague.adobe.com/docs/platform-learn/implement-mobile-sdk/app-implementation/identity.html
https://experienceleague.adobe.com/docs/platform-learn/implement-in-mobile-android-apps/implement-solutions/target.html,https://experienceleague.adobe.com/docs/platform-learn/implement-mobile-sdk/overview.html
https://experienceleague.adobe.com/docs/platform-learn/implement-in-mobile-android-apps/implement-solutions/analytics.html,https://experienceleague.adobe.com/docs/platform-learn/implement-mobile-sdk/experience-cloud/analytics.html
https://experienceleague.adobe.com/docs/platform-learn/implement-in-mobile-android-apps/implement-solutions/audience-manager.html,https://experienceleague.adobe.com/docs/platform-learn/implement-mobile-sdk/overview.html
https://experienceleague.adobe.com/docs/platform-learn/implement-in-mobile-android-apps/publish/publish.html,https://experienceleague.adobe.com/docs/platform-learn/implement-mobile-sdk/overview.html
https://experienceleague.adobe.com/docs/platform-learn/tutorials/data-ingestion/monitoring-dashboard.html,https://experienceleague.adobe.com/docs/platform-learn/tutorials/monitoring/monitoring-dashboard.html
https://experienceleague.adobe.com/docs/platform-learn/tutorials/data-ingestion/data-monitoring.html,https://experienceleague.adobe.com/docs/platform-learn/tutorials/monitoring/data-monitoring.html
https://experienceleague.adobe.com/docs/platform-learn/tutorials/data-governance/audit-logs.html,https://experienceleague.adobe.com/docs/platform-learn/tutorials/audit-logs.html
https://experienceleague.adobe.com/docs/platform-learn/tutorials/data-hygiene/overview.html,https://experienceleague.adobe.com/docs/platform-learn/tutorials/data-hygiene/delete-datasets.html
https://experienceleague.adobe.com/docs/platform-learn/tutorials/data-hygiene/delete-consumers.html,https://experienceleague.adobe.com/docs/platform-learn/tutorials/data-hygiene/delete-datasets.html
https://experienceleague.adobe.com/docs/platform-learn/tutorials/application-services/rtcdp/integrate-with-iab-transparency-and-consent-framework-2.html,https://experienceleague.adobe.com/docs/platform-learn/tutorials/data-governance/integrate-with-iab-transparency-and-consent-framework-2.html
https://experienceleague.adobe.com/docs/platform-learn/tutorials/experience-cloud/next-hit-personalization.html,https://experienceleague.adobe.com/docs/platform-learn/tutorials/destinations/target/next-hit-personalization.html
https://experienceleague.adobe.com/docs/platform-learn/tutorials/application-services/rtcdp/understanding-the-real-time-customer-data-platform.html,https://experienceleague.adobe.com/docs/platform-learn/tutorials/rtcdp/understanding-the-real-time-customer-data-platform.html
https://experienceleague.adobe.com/docs/platform-learn/tutorials/application-services/rtcdp/demo.html,https://experienceleague.adobe.com/docs/platform-learn/tutorials/rtcdp/demo.html
https://experienceleague.adobe.com/docs/platform-learn/tutorials/application-services/rtcdp/understanding-the-real-time-customer-data-platform-user-interface.html,https://experienceleague.adobe.com/docs/platform-learn/tutorials/rtcdp/understanding-the-real-time-customer-data-platform-user-interface.html
https://experienceleague.adobe.com/docs/platform-learn/tutorials/data-governance/classify-data-using-governance-labels.html,https://experienceleague.adobe.com/docs/platform-learn/tutorials/data-governance/classify-data-using-labels.html
https://experienceleague.adobe.com/docs/platform-learn/tutorials/segments/segment-builder-overview.html,https://experienceleague.adobe.com/docs/platform-learn/tutorials/audiences/audience-rule-builder-overview.html
https://experienceleague.adobe.com/docs/platform-learn/tutorials/segments/create-segments.html,https://experienceleague.adobe.com/docs/platform-learn/tutorials/audiences/create-audiences.html
https://experienceleague.adobe.com/docs/platform-learn/tutorials/segments/create-content-based-segments.html,https://experienceleague.adobe.com/docs/platform-learn/tutorials/audiences/create-content-based-audiences.html
https://experienceleague.adobe.com/docs/platform-learn/tutorials/segments/create-conversion-segments.html,https://experienceleague.adobe.com/docs/platform-learn/tutorials/audiences/create-conversion-audiences.html
https://experienceleague.adobe.com/docs/platform-learn/tutorials/segments/create-segments-from-existing-segments.html,https://experienceleague.adobe.com/docs/platform-learn/tutorials/audiences/create-audiences-from-existing-audiences.html
https://experienceleague.adobe.com/docs/platform-learn/tutorials/segments/create-sequential-segments.html,https://experienceleague.adobe.com/docs/platform-learn/tutorials/audiences/create-sequential-audiences.html
https://experienceleague.adobe.com/docs/platform-learn/tutorials/segments/create-dynamic-segments.html,https://experienceleague.adobe.com/docs/platform-learn/tutorials/audiences/create-dynamic-audiences.html
https://experienceleague.adobe.com/docs/platform-learn/tutorials/segments/create-multi-entity-segments.html,https://experienceleague.adobe.com/docs/platform-learn/tutorials/audiences/create-multi-entity-audiences.html
https://experienceleague.adobe.com/docs/platform-learn/tutorials/segments/create-segments-with-b2b-data.html,https://experienceleague.adobe.com/docs/platform-learn/tutorials/audiences/create-audiences-with-b2b-data.html
https://experienceleague.adobe.com/docs/platform-learn/tutorials/experience-cloud/business-value-of-platform-and-magento.html,https://experienceleague.adobe.com/docs/platform-learn/tutorials/experience-cloud/business-value-of-platform-and-commerce.html
https://experienceleague.adobe.com/docs/platform-learn/tutorials/segments/segment-match-connection-setup.html,https://experienceleague.adobe.com/docs/platform-learn/tutorials/audiences/segment-match-connection-setup.html
https://experienceleague.adobe.com/docs/platform-learn/tutorials/segments/segment-match-data-governance.html,https://experienceleague.adobe.com/docs/platform-learn/tutorials/audiences/segment-match-data-governance.html
https://experienceleague.adobe.com/docs/platform-learn/tutorials/segments/segment-match-configuration-flow.html,https://experienceleague.adobe.com/docs/platform-learn/tutorials/audiences/segment-match-configuration-flow.html
https://experienceleague.adobe.com/docs/platform-learn/tutorials/segments/segment-match-pre-share-insights.html,https://experienceleague.adobe.com/docs/platform-learn/tutorials/audiences/segment-match-pre-share-insights.html
https://experienceleague.adobe.com/docs/platform-learn/tutorials/segments/segment-match-receiving-data.html,https://experienceleague.adobe.com/docs/platform-learn/tutorials/audiences/segment-match-receiving-data.html
https://experienceleague.adobe.com/docs/platform-learn/comprehensive-technical-tutorial/module6/journey-orchestration-create-account.html,https://experienceleague.adobe.com/docs/journey-orchestration-learn/tutorials/overview.html
https://experienceleague.adobe.com/docs/platform-learn/comprehensive-technical-tutorial/module12/journey-orchestration-external-weather-api-sms.html,https://experienceleague.adobe.com/docs/journey-orchestration-learn/tutorials/overview.html
https://experienceleague.adobe.com/docs/platform-learn/comprehensive-technical-tutorial/module17/ex3.html,https://experienceleague.adobe.com/docs/journey-orchestration-learn/tutorials/overview.html
https://experienceleague.adobe.com/docs/platform-learn/comprehensive-technical-tutorial/module20/ex4.html,https://experienceleague.adobe.com/docs/journey-orchestration-learn/tutorials/overview.html
https://experienceleague.adobe.com/docs/platform-learn/mix-modeler/overview.html,https://experienceleague.adobe.com/docs/mix-modeler-learn/tutorials/overview.html
https://experienceleague.adobe.com/docs/platform-learn/mix-modeler/intro/overview.html,https://experienceleague.adobe.com/docs/mix-modeler-learn/tutorials/intro/understanding-mix-modeler.html
https://experienceleague.adobe.com/docs/platform-learn/mix-modeler/intro/use-cases.html,https://experienceleague.adobe.com/docs/mix-modeler-learn/tutorials/intro/use-cases.html
https://experienceleague.adobe.com/docs/platform-learn/mix-modeler/intro/user-workflow.html,https://experienceleague.adobe.com/docs/mix-modeler-learn/tutorials/intro/user-workflow.html
https://experienceleague.adobe.com/docs/platform-learn/mix-modeler/intro/user-interface-tour.html,https://experienceleague.adobe.com/docs/mix-modeler-learn/tutorials/intro/user-interface-tour.html
https://experienceleague.adobe.com/docs/platform-learn/tutorials/rtcdp/integrate-with-iab-transparency-and-consent-framework-2.html,https://experienceleague.adobe.com/docs/platform-learn/tutorials/data-governance/integrate-with-iab-transparency-and-consent-framework-2.html
https://experienceleague.adobe.com/docs/platform-learn/tutorials/audiences/create-segments.html,https://experienceleague.adobe.com/docs/platform-learn/tutorials/audiences/create-audiences.html
https://experienceleague.adobe.com/docs/platform-learn/tutorials/intro-to-platform/application-and-intelligent-services.html,https://experienceleague.adobe.com/docs/platform-learn/tutorials/intro-to-platform/native-applications.html